insert into piece values ('0000000', 'Wexford Carol', 'John Rutter', 'Ben Williams', 'JW Pepper');
insert into piece values ('0000001', 'Indescribable', 'Chris Tomlin', null, 'Lifeway Music');
insert into piece values ('0000002', 'Psalm 23', 'Heather Sorenson', null, 'Brookfield Press');
insert into piece values ('0000003', 'Crown him with many crowns', 'Traditional', 'Michael W Smith', 'Lifeway Music');
insert into piece values ('0000004', 'Down to the River', 'Traditional', 'Moses Hogan', 'JW Pepper');
insert into piece values ('0000005', 'Christmastime', 'Joanna Carlson', 'Michael W. Smith', 'JW Pepper'); 
insert into piece values ('0000006', 'Festival of Carols', 'Tom Fettke', 'Tom Fettke', 'JW Pepper');
insert into piece values ('0000007', 'Manger Songs', 'Michael Lawrence', 'Lloyed Larson', 'JW Pepper');
insert into piece values ('0000008', 'Angels We Have Heard on High', 'Traditional', 'Jeff Cranfill', 'JW Pepper');
insert into piece values ('0000009', 'Mary Did You Know?', 'F. F Bruce', 'Bradly Knight', 'Lifeway Music');
insert into piece values ('0000010', 'Rejoice to the Lord', 'Blake Young', 'Chris Blount', 'Lancaster Inc');
insert into piece values ('0000011', 'Wonder, Merciful Savior', 'Mike Galatas', 'Michael W. Smith', 'Lifeway');
insert into piece values ('0000012', 'Obatede', 'Traditional', 'Moses Hogan', 'JW Pepper');
insert into piece values ('0000013', 'A Might Fortress', 'Mark Nabholz', 'Rutter', 'JW Pepper');
insert into piece values ('0000014', 'Shut de do', 'Michael Branson', 'Stanley Scott', 'MC Press');
insert into piece values ('0000015', 'Prelude in F', 'Bach', null, 'IMSLP');
insert into piece values ('0000016', 'Sanctuary', 'Traditional', 'John S. Porter', 'Lifeway');
insert into piece values ('0000017', 'Gospel on the Bayou', 'Harry Potter', 'Gandalf', 'MUMC Advantage');
insert into piece values ('0000018', 'The Word', 'Dennis Allen', 'Dennis Allen', 'Lifeway');
insert into piece values ('0000019', 'Fountain', 'F. F Bruce', 'Joseph Martin', 'JW Pepper');
insert into piece values ('0000020', 'Oceans', 'Francesca Batastelli', 'Ben Willialms', 'MC Press');


insert into instrument values ('solo', 'vocal');
insert into instrument values ('SATB', 'vocal');
insert into instrument values ('soprano', 'vocal');
insert into instrument values ('alto', 'vocal');
insert into instrument values ('tenor', 'vocal');
insert into instrument values ('base', 'vocal');
insert into instrument values ('violin', 'strings');
insert into instrument values ('viola', 'strings');
insert into instrument values ('cello', 'strings');
insert into instrument values ('double bass', 'strings');
insert into instrument values ('picolo', 'woodwinds');
insert into instrument values ('flute', 'woodwinds');
insert into instrument values ('oboe', 'woodwinds');
insert into instrument values ('clarinet', 'woodwinds');
insert into instrument values ('alto saxophone', 'woodwinds');
insert into instrument values ('tenor saxophone', 'woodwinds');
insert into instrument values ('baritone saxophone', 'woodwinds');
insert into instrument values ('bassoon', 'woodwinds');
insert into instrument values ('bass clarinet', 'woodwinds');
insert into instrument values ('contra base clarinet', 'woodwinds');
insert into instrument values ('trumpet', 'brass');
insert into instrument values ('horn', 'brass');
insert into instrument values ('baritone', 'brass');
insert into instrument values ('euphonium', 'brass');
insert into instrument values ('trombone', 'brass');
insert into instrument values ('bass trombone', 'brass');
insert into instrument values ('tuba', 'brass');
insert into instrument values ('timpani', 'percussion');
insert into instrument values ('congas', 'percussion');
insert into instrument values ('djembe', 'percussion');
insert into instrument values ('auxiliary', 'percussion');
insert into instrument values ('guitar', 'rhythm section');
insert into instrument values ('bass', 'rhythm section');
insert into instrument values ('drum set', 'rhythm section');
insert into instrument values ('electric guitar', 'rhythm section');
insert into instrument values ('keyboard', 'rhythm section');
insert into instrument values ('piano', null);
insert into instrument values ('organ', null);
insert into instrument values ('harp', null);
insert into instrument values ('banjo', null);


insert into instr_piece_assignment values ('0000000', 'oboe');
insert into instr_piece_assignment values ('0000000', 'flute');
insert into instr_piece_assignment values ('0000000', 'piano');
insert into instr_piece_assignment values ('0000000', 'violin');
insert into instr_piece_assignment values ('0000000', 'viola');
insert into instr_piece_assignment values ('0000000', 'cello');
insert into instr_piece_assignment values ('0000000', 'double base');
insert into instr_piece_assignment values ('0000000', 'trumpet');
insert into instr_piece_assignment values ('0000000', 'horn');
insert into instr_piece_assignment values ('0000000', 'auxiliary');	
insert into instr_piece_assignment values ('0000001', 'solo');
insert into instr_piece_assignment values ('0000001', 'piano');
insert into instr_piece_assignment values ('0000001', 'guitar');
insert into instr_piece_assignment values ('0000001', 'base');
insert into instr_piece_assignment values ('0000001', 'drum set');
insert into instr_piece_assignment values ('0000002', 'SATB');
insert into instr_piece_assignment values ('0000002', 'piano');
insert into instr_piece_assignment values ('0000003', 'SATB');
insert into instr_piece_assignment values ('0000003', 'piano');
insert into instr_piece_assignment values ('0000004', 'SATB');
insert into instr_piece_assignment values ('0000004', 'violin');
insert into instr_piece_assignment values ('0000004', 'piano');
insert into instr_piece_assignment values ('0000005', 'piano');
insert into instr_piece_assignment values ('0000005', 'violin');
insert into instr_piece_assignment values ('0000005', 'viola');
insert into instr_piece_assignment values ('0000005', 'cello');
insert into instr_piece_assignment values ('0000005', 'double base');
insert into instr_piece_assignment values ('0000005', 'flute');
insert into instr_piece_assignment values ('0000005', 'oboe');
insert into instr_piece_assignment values ('0000005', 'bassoon');
insert into instr_piece_assignment values ('0000005', 'horn');
insert into instr_piece_assignment values ('0000005', 'trumpet');
insert into instr_piece_assignment values ('0000005', 'auxiliary');
insert into instr_piece_assignment values ('0000005', 'timpani');
insert into instr_piece_assignment values ('0000006', 'SATB');
insert into instr_piece_assignment values ('0000006', 'piano');
insert into instr_piece_assignment values ('0000006', 'violin');
insert into instr_piece_assignment values ('0000006', 'viola');
insert into instr_piece_assignment values ('0000006', 'cello');
insert into instr_piece_assignment values ('0000006', 'double base');
insert into instr_piece_assignment values ('0000006', 'horn');
insert into instr_piece_assignment values ('0000006', 'trumpet');
insert into instr_piece_assignment values ('0000006', 'auxiliary');
insert into instr_piece_assignment values ('0000006', 'timpani');
insert into instr_piece_assignment values ('0000007', 'violin');
insert into instr_piece_assignment values ('0000007', 'viola');
insert into instr_piece_assignment values ('0000007', 'cello');
insert into instr_piece_assignment values ('0000007', 'double base');
insert into instr_piece_assignment values ('0000007', 'flute');
insert into instr_piece_assignment values ('0000007', 'oboe');
insert into instr_piece_assignment values ('0000007', 'bassoon');
insert into instr_piece_assignment values ('0000008', 'organ');
insert into instr_piece_assignment values ('0000008', 'violin');
insert into instr_piece_assignment values ('0000008', 'viola');
insert into instr_piece_assignment values ('0000008', 'cello');
insert into instr_piece_assignment values ('0000008', 'double base');
insert into instr_piece_assignment values ('0000008', 'flute');
insert into instr_piece_assignment values ('0000008', 'oboe');
insert into instr_piece_assignment values ('0000008', 'bassoon');
insert into instr_piece_assignment values ('0000008', 'horn');
insert into instr_piece_assignment values ('0000008', 'trumpet');
insert into instr_piece_assignment values ('0000008', 'timpani');
insert into instr_piece_assignment values ('0000009', 'solo');
insert into instr_piece_assignment values ('0000009', 'SATB');
insert into instr_piece_assignment values ('0000009', 'piano');
insert into instr_piece_assignment values ('0000009', 'violin');
insert into instr_piece_assignment values ('0000009', 'viola');
insert into instr_piece_assignment values ('0000009', 'cello');
insert into instr_piece_assignment values ('0000009', 'double base');
insert into instr_piece_assignment values ('0000009', 'flute');
insert into instr_piece_assignment values ('0000009', 'oboe');
insert into instr_piece_assignment values ('0000009', 'bassoon');
insert into instr_piece_assignment values ('0000009', 'horn');
insert into instr_piece_assignment values ('0000009', 'trumpet');
insert into instr_piece_assignment values ('0000009', 'guitar');
insert into instr_piece_assignment values ('0000009', 'base');
insert into instr_piece_assignment values ('0000009', 'drum set');
insert into instr_piece_assignment values ('0000009', 'keyboard');
insert into instr_piece_assignment values ('0000009', 'auxiliary');
insert into instr_piece_assignment values ('0000009', 'timpani');
insert into instr_piece_assignment values ('0000010', 'SATB');
insert into instr_piece_assignment values ('0000010', 'piano');
insert into instr_piece_assignment values ('0000011', 'solo');
insert into instr_piece_assignment values ('0000011', 'piano');
insert into instr_piece_assignment values ('0000012', 'SATB');
insert into instr_piece_assignment values ('0000012', 'djembe');
insert into instr_piece_assignment values ('0000013', 'piano');
insert into instr_piece_assignment values ('0000013', 'trumpet');
insert into instr_piece_assignment values ('0000014', 'SATB');
insert into instr_piece_assignment values ('0000014', 'solo');
insert into instr_piece_assignment values ('0000015', 'organ');
insert into instr_piece_assignment values ('0000016', 'piano');
insert into instr_piece_assignment values ('0000016', 'solo');
insert into instr_piece_assignment values ('0000017', 'SATB');
insert into instr_piece_assignment values ('0000017', 'piano');
insert into instr_piece_assignment values ('0000017', 'banjo');
insert into instr_piece_assignment values ('0000018', 'soprano');
insert into instr_piece_assignment values ('0000018', 'alto');
insert into instr_piece_assignment values ('0000018', 'piano');
insert into instr_piece_assignment values ('0000018', 'guitar');
insert into instr_piece_assignment values ('0000018', 'base');
insert into instr_piece_assignment values ('0000018', 'drum set');
insert into instr_piece_assignment values ('0000018', 'keyboard');
insert into instr_piece_assignment values ('0000019', 'SATB');
insert into instr_piece_assignment values ('0000019', 'piano');
insert into instr_piece_assignment values ('0000019', 'organ');
insert into instr_piece_assignment values ('0000020', 'violin');
insert into instr_piece_assignment values ('0000020', 'piano');
insert into instr_piece_assignment values ('0000020', 'guitar');
insert into instr_piece_assignment values ('0000020', 'base');
insert into instr_piece_assignment values ('0000020', 'drum set');


insert into piece_key values ('0000000', 'A major');
insert into piece_key values ('0000001', 'F major');
insert into piece_key values ('0000002', 'G minor');
insert into piece_key values ('0000002', 'B flat major');
insert into piece_key values ('0000003', 'F major');
insert into piece_key values ('0000004', 'B flat Major');
insert into piece_key values ('0000004', 'C major');
insert into piece_key values ('0000005', 'C major');
insert into piece_key values ('0000005', 'G major');
insert into piece_key values ('0000006', 'A major');
insert into piece_key values ('0000006', 'B major');
insert into piece_key values ('0000006', 'E major');
insert into piece_key values ('0000007', 'A flat major');
insert into piece_key values ('0000007', 'C major');
insert into piece_key values ('0000008', 'G major');
insert into piece_key values ('0000009', 'D minor');
insert into piece_key values ('0000009', 'E minor');
insert into piece_key values ('0000009', 'G major');
insert into piece_key values ('0000010', 'F major');
insert into piece_key values ('0000011', 'C major');
insert into piece_key values ('0000012', 'D major');
insert into piece_key values ('0000013', 'G major');
insert into piece_key values ('0000014', 'A major');
insert into piece_key values ('0000014', 'B major');
insert into piece_key values ('0000015', 'F major');
insert into piece_key values ('0000016', 'G major');
insert into piece_key values ('0000017', 'E flat major');
insert into piece_key values ('0000017', 'F major');
insert into piece_key values ('0000018', 'C minor');
insert into piece_key values ('0000019', 'D flat major');
insert into piece_key values ('0000020', 'A major');


insert into piece_genre values ('0000000', 'Christmas');
insert into piece_genre values ('0000001', 'Contemporary');
insert into piece_genre values ('0000002', null);
insert into piece_genre values ('0000003', null);
insert into piece_genre values ('0000004', 'Eclectic');
insert into piece_genre values ('0000004', 'Traditional');
insert into piece_genre values ('0000005', 'Christmas');
insert into piece_genre values ('0000006', 'Christmas');
insert into piece_genre values ('0000007', 'Christmas');
insert into piece_genre values ('0000008', 'Christmas');
insert into piece_genre values ('0000008', 'Hymn');
insert into piece_genre values ('0000009', 'Contemporary');
insert into piece_genre values ('0000009', 'Christmas');
insert into piece_genre values ('0000010', null);
insert into piece_genre values ('0000011', 'Ballad');
insert into piece_genre values ('0000011', 'Contemporary');
insert into piece_genre values ('0000012', 'Eclectic');
insert into piece_genre values ('0000013', 'Hymn');
insert into piece_genre values ('0000014', 'Eclectic');
insert into piece_genre values ('0000015', 'Baroque');
insert into piece_genre values ('0000016', null);
insert into piece_genre values ('0000017', 'Traditional');
insert into piece_genre values ('0000017', 'Bluegrass');
insert into piece_genre values ('0000018', 'Contemporary');
insert into piece_genre values ('0000019', null);
insert into piece_genre values ('0000020', 'Contemporary');
insert into piece_genre values ('0000020', 'Ballad');

